//Prédios
INSERT INTO PREDIO(PREDIO, DESCRICAO) VALUES('Administração', '')
INSERT INTO PREDIO(PREDIO, DESCRICAO) VALUES('Laboratórios Materiais e Sistemas Biomédicos', '')
INSERT INTO PREDIO(PREDIO, DESCRICAO) VALUES('Área de Serviço', '')
INSERT INTO PREDIO(PREDIO, DESCRICAO) VALUES('Laboratórios de Física e Eletroeletrônica/Eletricidade', '')
INSERT INTO PREDIO(PREDIO, DESCRICAO) VALUES('Laboratórios de Automação e Materiais', '')
INSERT INTO PREDIO(PREDIO, DESCRICAO) VALUES('Laboratórios de Fabricação Mecânica', '')
INSERT INTO PREDIO(PREDIO, DESCRICAO) VALUES('Laboratórios de Projetos Mecânicos', '')
INSERT INTO PREDIO(PREDIO, DESCRICAO) VALUES('Laboratórios de Idiomas e Núcleo Social', '')
INSERT INTO PREDIO(PREDIO, DESCRICAO) VALUES('Laboratórios de Polímeros e Processos Metalúrgicos', '')
INSERT INTO PREDIO(PREDIO, DESCRICAO) VALUES('Central de Aulas', 'Central de Aulas')
INSERT INTO PREDIO(PREDIO, DESCRICAO) VALUES('Laboratórios de Tecnologia de Informação', '')
INSERT INTO PREDIO(PREDIO, DESCRICAO) VALUES('Restaurante', '')
INSERT INTO PREDIO(PREDIO, DESCRICAO) VALUES('Estação Climatológica', '')
INSERT INTO PREDIO(PREDIO, DESCRICAO) VALUES('Vestiário', '')
INSERT INTO PREDIO(PREDIO, DESCRICAO) VALUES('Quadras Poliesportivas', '')
INSERT INTO PREDIO(PREDIO, DESCRICAO) VALUES('Portaria', '')

//Sala
INSERT INTO SALA(ID_SALA, SALA, DESCRICAO, ID_PREDIO) VALUES(1, 'Sala 1', 'Sala de Aula', 10)
INSERT INTO SALA(ID_SALA, SALA, DESCRICAO, ID_PREDIO) VALUES(2, 'Sala 2', 'Sala de Descanso', 10)
INSERT INTO SALA(ID_SALA, SALA, DESCRICAO, ID_PREDIO) VALUES(3, 'Sala 3', 'Biblioteca', 10)
INSERT INTO SALA(ID_SALA, SALA, DESCRICAO, ID_PREDIO) VALUES(4, 'Sala 4', 'Sala de Aula', 10)
INSERT INTO SALA(ID_SALA, SALA, DESCRICAO, ID_PREDIO) VALUES(5, 'Sala 5', 'Sala de Aula', 10)
INSERT INTO SALA(ID_SALA, SALA, DESCRICAO, ID_PREDIO) VALUES(6, 'Sala 6', 'Sala de Aula', 10)
INSERT INTO SALA(ID_SALA, SALA, DESCRICAO, ID_PREDIO) VALUES(7, 'Sala 7', 'Sala de Aula', 10)
INSERT INTO SALA(ID_SALA, SALA, DESCRICAO, ID_PREDIO) VALUES(8, 'Sala 8', 'Sala de Aula', 10)
INSERT INTO SALA(ID_SALA, SALA, DESCRICAO, ID_PREDIO) VALUES(9, 'Sala 9', 'Sala de Aula', 10)
INSERT INTO SALA(ID_SALA, SALA, DESCRICAO, ID_PREDIO) VALUES(10, 'Sala 10', 'Sala de Aula', 10)
INSERT INTO SALA(ID_SALA, SALA, DESCRICAO, ID_PREDIO) VALUES(11, 'Sala 11', 'Sala de Aula', 10)
INSERT INTO SALA(ID_SALA, SALA, DESCRICAO, ID_PREDIO) VALUES(12, 'Sala 12', 'Sala de Aula', 10)
INSERT INTO SALA(ID_SALA, SALA, DESCRICAO, ID_PREDIO) VALUES(13, 'Sala 13', 'Sala de Aula', 10)
INSERT INTO SALA(ID_SALA, SALA, DESCRICAO, ID_PREDIO) VALUES(14, 'Sala 14', 'Sala dos Professores', 10)
INSERT INTO SALA(ID_SALA, SALA, DESCRICAO, ID_PREDIO) VALUES(15, 'Sala 15', 'Sala de Aula', 10)
INSERT INTO SALA(ID_SALA, SALA, DESCRICAO, ID_PREDIO) VALUES(16, 'Sala 16', 'Secretaria', 10)
INSERT INTO SALA(ID_SALA, SALA, DESCRICAO, ID_PREDIO) VALUES(17, 'Sala 17', 'Sala de Aula', 10)
INSERT INTO SALA(ID_SALA, SALA, DESCRICAO, ID_PREDIO) VALUES(18, 'Sala 18', 'Sala de Aula', 10)
INSERT INTO SALA(ID_SALA, SALA, DESCRICAO, ID_PREDIO) VALUES(19, 'Sala 19', 'Sala de Aula', 10)
INSERT INTO SALA(ID_SALA, SALA, DESCRICAO, ID_PREDIO) VALUES(20, 'Sala 20', 'Sala de Aula', 10)
INSERT INTO SALA(ID_SALA, SALA, DESCRICAO, ID_PREDIO) VALUES(21, 'Sala 21', 'Sala de Aula', 10)
INSERT INTO SALA(ID_SALA, SALA, DESCRICAO, ID_PREDIO) VALUES(22, 'Sala 22', 'Sala de Aula', 10)
INSERT INTO SALA(ID_SALA, SALA, DESCRICAO, ID_PREDIO) VALUES(23, 'Sala 23', 'Sala de Aula', 10)
INSERT INTO SALA(ID_SALA, SALA, DESCRICAO, ID_PREDIO) VALUES(24, 'Sala 24', 'Sala de Aula', 10)
INSERT INTO SALA(ID_SALA, SALA, DESCRICAO, ID_PREDIO) VALUES(25, 'Sala 25', 'Sala de Aula', 10)
INSERT INTO SALA(ID_SALA, SALA, DESCRICAO, ID_PREDIO) VALUES(26, 'Sala 26', 'Sala de Aula', 10)

INSERT INTO SALA(ID_SALA, SALA, DESCRICAO, ID_PREDIO) VALUES(30, 'Recepção', '', 11)
INSERT INTO SALA(ID_SALA, SALA, DESCRICAO, ID_PREDIO) VALUES(31, 'Laboratório 1', 'Laboratório de Informática', 11)
INSERT INTO SALA(ID_SALA, SALA, DESCRICAO, ID_PREDIO) VALUES(32, 'Laboratório 2', 'Laboratório de Informática', 11)
INSERT INTO SALA(ID_SALA, SALA, DESCRICAO, ID_PREDIO) VALUES(33, 'Laboratório 3', 'Laboratório de Informática', 11)
INSERT INTO SALA(ID_SALA, SALA, DESCRICAO, ID_PREDIO) VALUES(34, 'Laboratório 4', 'Laboratório de Informática', 11)
INSERT INTO SALA(ID_SALA, SALA, DESCRICAO, ID_PREDIO) VALUES(35, 'Laboratório 5', 'Laboratório de Informática', 11)
INSERT INTO SALA(ID_SALA, SALA, DESCRICAO, ID_PREDIO) VALUES(36, 'Laboratório 6', 'Laboratório de Informática', 11)

INSERT INTO SALA(ID_SALA, SALA, DESCRICAO, ID_PREDIO) VALUES(41, 'Sala 1', 'Sala de Aula', 4)
INSERT INTO SALA(ID_SALA, SALA, DESCRICAO, ID_PREDIO) VALUES(42, 'Sala 2', 'Sala de Aula', 4)
INSERT INTO SALA(ID_SALA, SALA, DESCRICAO, ID_PREDIO) VALUES(43, 'Sala 3', 'Sala de Aula', 4)
INSERT INTO SALA(ID_SALA, SALA, DESCRICAO, ID_PREDIO) VALUES(44, 'Sala 4', 'Sala de Aula', 4)
INSERT INTO SALA(ID_SALA, SALA, DESCRICAO, ID_PREDIO) VALUES(45, 'Sala 5', 'Sala de Aula', 4)
INSERT INTO SALA(ID_SALA, SALA, DESCRICAO, ID_PREDIO) VALUES(46, 'Sala 6', 'Sala de Aula', 4)
INSERT INTO SALA(ID_SALA, SALA, DESCRICAO, ID_PREDIO) VALUES(47, 'Sala 7', 'Sala de Aula', 4)
INSERT INTO SALA(ID_SALA, SALA, DESCRICAO, ID_PREDIO) VALUES(48, 'Sala 8', 'Sala de Aula', 4)
INSERT INTO SALA(ID_SALA, SALA, DESCRICAO, ID_PREDIO) VALUES(49, 'Sala 9', 'Sala de Aula', 4)
INSERT INTO SALA(ID_SALA, SALA, DESCRICAO, ID_PREDIO) VALUES(50, 'Sala 10', 'Sala de Aula', 4)
INSERT INTO SALA(ID_SALA, SALA, DESCRICAO, ID_PREDIO) VALUES(51, 'Sala 11', 'Sala de Aula', 4)
INSERT INTO SALA(ID_SALA, SALA, DESCRICAO, ID_PREDIO) VALUES(52, 'Sala 12', 'Sala de Aula', 4)

INSERT INTO SALA(ID_SALA, SALA, DESCRICAO, ID_PREDIO) VALUES(61, 'Sala 1', 'Sala de Aula', 5)
INSERT INTO SALA(ID_SALA, SALA, DESCRICAO, ID_PREDIO) VALUES(62, 'Sala 2', 'Sala de Aula', 5)
INSERT INTO SALA(ID_SALA, SALA, DESCRICAO, ID_PREDIO) VALUES(63, 'Sala 3', 'Sala de Aula', 5)
INSERT INTO SALA(ID_SALA, SALA, DESCRICAO, ID_PREDIO) VALUES(64, 'Sala 4', 'Sala de Aula', 5)
INSERT INTO SALA(ID_SALA, SALA, DESCRICAO, ID_PREDIO) VALUES(65, 'Sala 5', 'Sala de Aula', 5)
INSERT INTO SALA(ID_SALA, SALA, DESCRICAO, ID_PREDIO) VALUES(66, 'Sala 6', 'Sala de Aula', 5)
INSERT INTO SALA(ID_SALA, SALA, DESCRICAO, ID_PREDIO) VALUES(67, 'Sala 7', 'Sala de Aula', 5)
INSERT INTO SALA(ID_SALA, SALA, DESCRICAO, ID_PREDIO) VALUES(68, 'Sala 8', 'Sala de Aula', 5)
INSERT INTO SALA(ID_SALA, SALA, DESCRICAO, ID_PREDIO) VALUES(69, 'Sala 9', 'Sala de Aula', 5)
INSERT INTO SALA(ID_SALA, SALA, DESCRICAO, ID_PREDIO) VALUES(70, 'Sala 10', 'Sala de Aula', 5)
INSERT INTO SALA(ID_SALA, SALA, DESCRICAO, ID_PREDIO) VALUES(71, 'Sala 11', 'Sala de Aula', 5)
INSERT INTO SALA(ID_SALA, SALA, DESCRICAO, ID_PREDIO) VALUES(72, 'Sala 12', 'Sala de Aula', 5)
INSERT INTO SALA(ID_SALA, SALA, DESCRICAO, ID_PREDIO) VALUES(73, 'Sala 13', 'Sala de Aula', 5)
INSERT INTO SALA(ID_SALA, SALA, DESCRICAO, ID_PREDIO) VALUES(74, 'Sala 14', 'Sala de Aula', 5)
INSERT INTO SALA(ID_SALA, SALA, DESCRICAO, ID_PREDIO) VALUES(75, 'Sala 15', 'Sala de Aula', 5)
INSERT INTO SALA(ID_SALA, SALA, DESCRICAO, ID_PREDIO) VALUES(76, 'Sala 16', 'Sala de Aula', 5)

//Usuário
INSERT INTO USUARIO(LOGIN, SENHA) VALUES('admin', 'admin')

//Aulas
//ADS M 1
INSERT INTO AULA(AULA, DIA, HORARIO, PROFESSOR, ID_SALA) VALUES('SIST. DE INFORM.', '2', '07h40-09h20', 'Cesar Munari', 9)
INSERT INTO AULA(AULA, DIA, HORARIO, PROFESSOR, ID_SALA) VALUES('MATEM. DISCRETA', '2', '09h30-11h10', 'Ana Carolina', 9)
INSERT INTO AULA(AULA, DIA, HORARIO, PROFESSOR, ID_SALA) VALUES('MATEM. DISCRETA', '2', '11h20-13h00', 'Ana Carolina', 9)

INSERT INTO AULA(AULA, DIA, HORARIO, PROFESSOR, ID_SALA) VALUES('ADMINISTRAÇÃO GERAL', '3', '07h40-09h20', 'Moura', 9)
INSERT INTO AULA(AULA, DIA, HORARIO, PROFESSOR, ID_SALA) VALUES('ADMINISTRAÇÃO GERAL', '3', '09h30-11h10', 'Moura', 9)
INSERT INTO AULA(AULA, DIA, HORARIO, PROFESSOR, ID_SALA) VALUES('INGLÊS I', '3', '11h20-13h00', 'Paulo Edson', 9)

INSERT INTO AULA(AULA, DIA, HORARIO, PROFESSOR, ID_SALA) VALUES('PROG. EM MICROINF.', '4', '07h40-09h20', 'Jefferson Blaitt', 9)
INSERT INTO AULA(AULA, DIA, HORARIO, PROFESSOR, ID_SALA) VALUES('ARQ. E ORG. DE COMPUT.', '4', '09h30-11h10', 'Maria Angélica', 9)
INSERT INTO AULA(AULA, DIA, HORARIO, PROFESSOR, ID_SALA) VALUES('ARQ. E ORG. DE COMPUT.', '4', '11h20-13h00', 'Maria Angélica', 9)

INSERT INTO AULA(AULA, DIA, HORARIO, PROFESSOR, ID_SALA) VALUES('SIST. DE INFORM.', '5', '07h40-09h20', 'Cesar Munari', 9)
INSERT INTO AULA(AULA, DIA, HORARIO, PROFESSOR, ID_SALA) VALUES('COMUNIC. E EXP', '5', '09h30-11h10', 'Rosana', 9)
INSERT INTO AULA(AULA, DIA, HORARIO, PROFESSOR, ID_SALA) VALUES('COMUNIC. E EXP', '5', '11h20-13h00', 'Rosana', 9)

INSERT INTO AULA(AULA, DIA, HORARIO, PROFESSOR, ID_SALA) VALUES('ALG. LÓGICA DE PROG.', '6', '07h40-09h20', 'Dimas', 9)
INSERT INTO AULA(AULA, DIA, HORARIO, PROFESSOR, ID_SALA) VALUES('ALG. LÓGICA DE PROG.', '6', '09h30-11h10', 'Dimas', 36)
INSERT INTO AULA(AULA, DIA, HORARIO, PROFESSOR, ID_SALA) VALUES('PROG. EM MICROINF.', '6', '11h20-13h00', 'Jefferson Blaitt', 35)

//ADS M 2
INSERT INTO AULA(AULA, DIA, HORARIO, PROFESSOR, ID_SALA) VALUES('ENG. DE SOFT. I', '2', '07h40-09h20', 'Levi', 10)
INSERT INTO AULA(AULA, DIA, HORARIO, PROFESSOR, ID_SALA) VALUES('LING. DE PROG.', '2', '09h30-11h10', 'Cesar Munar', 10)
INSERT INTO AULA(AULA, DIA, HORARIO, PROFESSOR, ID_SALA) VALUES('ESTATÍSTICA APLIC.', '2', '11h20-13h00', 'Osni', 10)

INSERT INTO AULA(AULA, DIA, HORARIO, PROFESSOR, ID_SALA) VALUES('LING. DE PROG. II', '3', '07h40-09h20', 'Denilce', 10)
INSERT INTO AULA(AULA, DIA, HORARIO, PROFESSOR, ID_SALA) VALUES('LING. DE PROG. II', '3', '07h40-09h20', 'Denilce', 34)
INSERT INTO AULA(AULA, DIA, HORARIO, PROFESSOR, ID_SALA) VALUES('LING. DE PROG. II', '3', '09h30-11h10', 'Denilce', 34)
INSERT INTO AULA(AULA, DIA, HORARIO, PROFESSOR, ID_SALA) VALUES('LING. DE PROG.', '3', '11h20-13h00', 'Cesar Munar', 32)

INSERT INTO AULA(AULA, DIA, HORARIO, PROFESSOR, ID_SALA) VALUES('ENG. DE SOFT. I', '4', '07h40-09h20', 'Levi', 10)
INSERT INTO AULA(AULA, DIA, HORARIO, PROFESSOR, ID_SALA) VALUES('CÁLCULO', '4', '09h30-11h10', 'Ana Carolina', 10)
INSERT INTO AULA(AULA, DIA, HORARIO, PROFESSOR, ID_SALA) VALUES('CÁLCULO', '4', '09h30-11h10', 'Ana Carolina', 32)
INSERT INTO AULA(AULA, DIA, HORARIO, PROFESSOR, ID_SALA) VALUES('SIST. OPERACIONAIS I', '4', '11h20-13h00', 'Jensen', 10)
INSERT INTO AULA(AULA, DIA, HORARIO, PROFESSOR, ID_SALA) VALUES('SIST. OPERACIONAIS I', '4', '11h20-13h00', 'Jensen', 34)

INSERT INTO AULA(AULA, DIA, HORARIO, PROFESSOR, ID_SALA) VALUES('CÁLCULO', '5', '07h40-09h20', 'Ana Carolina', 10)
INSERT INTO AULA(AULA, DIA, HORARIO, PROFESSOR, ID_SALA) VALUES('CÁLCULO', '5', '07h40-09h20', 'Ana Carolina', 31)
INSERT INTO AULA(AULA, DIA, HORARIO, PROFESSOR, ID_SALA) VALUES('LAB. DE HARDWARE', '5', '09h30-11h10', 'Fernando Miranda', 10)
INSERT INTO AULA(AULA, DIA, HORARIO, PROFESSOR, ID_SALA) VALUES('CONTABILIDADE', '5', '11h20-13h00', 'Edméia', 10)

INSERT INTO AULA(AULA, DIA, HORARIO, PROFESSOR, ID_SALA) VALUES('SIST. OPERACIONAIS I', '6', '07h40-09h20', 'Jensen', 34)
INSERT INTO AULA(AULA, DIA, HORARIO, PROFESSOR, ID_SALA) VALUES('INGLÊS II', '6', '09h30-11h10', 'Paulo Edson', 10)
INSERT INTO AULA(AULA, DIA, HORARIO, PROFESSOR, ID_SALA) VALUES('ESTATÍSTICA APLIC.', '6', '11h20-13h00', 'Osni', 10)

//ADS M 3
INSERT INTO AULA(AULA, DIA, HORARIO, PROFESSOR, ID_SALA) VALUES('PROG. LINEAR APLIC.', '2', '07h40-09h20', 'Ana Carolina', 8)
INSERT INTO AULA(AULA, DIA, HORARIO, PROFESSOR, ID_SALA) VALUES('ENG. DE SOFT. II', '2', '09h30-11h10', 'Glauco Todesco', 8)
INSERT INTO AULA(AULA, DIA, HORARIO, PROFESSOR, ID_SALA) VALUES('ENG. DE SOFT. II', '2', '11h20-13h00', 'Glauco Todesco', 8)

INSERT INTO AULA(AULA, DIA, HORARIO, PROFESSOR, ID_SALA) VALUES(' - ', '3', '07h40-09h20', '', 8)
INSERT INTO AULA(AULA, DIA, HORARIO, PROFESSOR, ID_SALA) VALUES('INTERAÇÃO HUMANO COMP.', '3', '09h30-11h10', 'Sérgio Moraes', 8)
INSERT INTO AULA(AULA, DIA, HORARIO, PROFESSOR, ID_SALA) VALUES('ECON. E FINANÇAS', '3', '11h20-13h00', 'Francisco', 8)

INSERT INTO AULA(AULA, DIA, HORARIO, PROFESSOR, ID_SALA) VALUES('ESTRUT. DE DADOS', '4', '07h40-09h20', 'Cesar Munar', 8)
INSERT INTO AULA(AULA, DIA, HORARIO, PROFESSOR, ID_SALA) VALUES('ESTRUT. DE DADOS', '4', '09h30-11h10', 'Cesar Munar', 33)
INSERT INTO AULA(AULA, DIA, HORARIO, PROFESSOR, ID_SALA) VALUES(' - ', '4', '11h20-13h00', '', 8)

INSERT INTO AULA(AULA, DIA, HORARIO, PROFESSOR, ID_SALA) VALUES('SIST. OPERACIONAIS II', '5', '07h40-09h20', 'Jensen', 8)
INSERT INTO AULA(AULA, DIA, HORARIO, PROFESSOR, ID_SALA) VALUES('PROG. LINEAR APLIC.', '5', '09h30-11h10', 'Ana Carolina', 8)
INSERT INTO AULA(AULA, DIA, HORARIO, PROFESSOR, ID_SALA) VALUES('INGLÊS III', '5', '11h20-13h00', 'Paulo Edson', 8)

INSERT INTO AULA(AULA, DIA, HORARIO, PROFESSOR, ID_SALA) VALUES('BANCO DE DADOS', '6', '07h40-09h20', 'Maria Angélica', 8)
INSERT INTO AULA(AULA, DIA, HORARIO, PROFESSOR, ID_SALA) VALUES('BANCO DE DADOS', '6', '09h30-11h10', 'Maria Angélica', 31)
INSERT INTO AULA(AULA, DIA, HORARIO, PROFESSOR, ID_SALA) VALUES('SIST. OPERACIONAIS II', '6', '11h20-13h00', 'Jensen', 34)

//ADS M 4
INSERT INTO AULA(AULA, DIA, HORARIO, PROFESSOR, ID_SALA) VALUES('PROG. ORIENT. OBJ.', '2', '07h40-09h20', 'Dimas', 7)
INSERT INTO AULA(AULA, DIA, HORARIO, PROFESSOR, ID_SALA) VALUES('PROG. ORIENT. OBJ.', '2', '07h40-09h20', 'Dimas', 36)
INSERT INTO AULA(AULA, DIA, HORARIO, PROFESSOR, ID_SALA) VALUES('PROG. WEB', '2', '09h30-11h10', 'Denilce', 7)
INSERT INTO AULA(AULA, DIA, HORARIO, PROFESSOR, ID_SALA) VALUES('PROG. WEB', '2', '09h30-11h10', 'Denilce', 35)
INSERT INTO AULA(AULA, DIA, HORARIO, PROFESSOR, ID_SALA) VALUES('PROG. WEB', '2', '11h20-13h00', 'Denilce', 7)
INSERT INTO AULA(AULA, DIA, HORARIO, PROFESSOR, ID_SALA) VALUES('PROG. WEB', '2', '11h20-13h00', 'Denilce', 35)

INSERT INTO AULA(AULA, DIA, HORARIO, PROFESSOR, ID_SALA) VALUES('SEG. DA INFORM.', '3', '07h40-09h20', 'INDEFINIDO', 7)
INSERT INTO AULA(AULA, DIA, HORARIO, PROFESSOR, ID_SALA) VALUES('PROG. ORIENT. OBJ.', '3', '09h30-11h10', 'Dimas', 36)
INSERT INTO AULA(AULA, DIA, HORARIO, PROFESSOR, ID_SALA) VALUES('GESTÃO DE PROJ.', '3', '11h20-13h00', 'Jefferson Blaitt', 35)
INSERT INTO AULA(AULA, DIA, HORARIO, PROFESSOR, ID_SALA) VALUES('GESTÃO DE PROJ.', '3', '11h20-13h00', 'Jefferson Blaitt', 7)

INSERT INTO AULA(AULA, DIA, HORARIO, PROFESSOR, ID_SALA) VALUES('REDES DE COMP.ES', '4', '07h40-09h20', 'Loamí', 36)
INSERT INTO AULA(AULA, DIA, HORARIO, PROFESSOR, ID_SALA) VALUES('REDES DE COMP.ES', '4', '07h40-09h20', 'Loamí', 7)
INSERT INTO AULA(AULA, DIA, HORARIO, PROFESSOR, ID_SALA) VALUES('REDES DE COMP.ES', '4', '09h30-11h10', 'Loamí', 36)
INSERT INTO AULA(AULA, DIA, HORARIO, PROFESSOR, ID_SALA) VALUES('SOCIEDADE E TECN.', '4', '11h20-13h00', 'Mazé Cardozo', 7)
INSERT INTO AULA(AULA, DIA, HORARIO, PROFESSOR, ID_SALA) VALUES('SOCIEDADE E TECN.', '4', '11h20-13h00', 'Mazé Cardozo', 36)

INSERT INTO AULA(AULA, DIA, HORARIO, PROFESSOR, ID_SALA) VALUES('LAB. BCO DE DADOS', '5', '07h40-09h20', 'Maria Angélica', 7)
INSERT INTO AULA(AULA, DIA, HORARIO, PROFESSOR, ID_SALA) VALUES('LAB. BCO DE DADOS', '5', '09h30-11h10', 'Maria Angélica', 36)
INSERT INTO AULA(AULA, DIA, HORARIO, PROFESSOR, ID_SALA) VALUES('GESTÃO DE PROJ.', '5', '11h20-13h00', 'Jefferson Blaitt', 7)
INSERT INTO AULA(AULA, DIA, HORARIO, PROFESSOR, ID_SALA) VALUES('GESTÃO DE PROJ.', '5', '11h20-13h00', 'Jefferson Blaitt', 36)

INSERT INTO AULA(AULA, DIA, HORARIO, PROFESSOR, ID_SALA) VALUES('INGLÊS IV', '6', '07h40-09h20', 'Paulo Edson', 7)
INSERT INTO AULA(AULA, DIA, HORARIO, PROFESSOR, ID_SALA) VALUES('ENG. DE SOFT. III ', '6', '09h30-11h10', 'Bernardo', 7)
INSERT INTO AULA(AULA, DIA, HORARIO, PROFESSOR, ID_SALA) VALUES('ENG. DE SOFT. III ', '6', '11h20-13h00', 'Bernardo', 33)

//ADS M 5
INSERT INTO AULA(AULA, DIA, HORARIO, PROFESSOR, ID_SALA) VALUES('TÓPICOS ESP. EM INF.', '2', '19h00-20h40', 'Jensen', 10)
INSERT INTO AULA(AULA, DIA, HORARIO, PROFESSOR, ID_SALA) VALUES('TÓPICOS ESP. EM INF.', '2', '19h00-20h40', 'Jensen', 34)
INSERT INTO AULA(AULA, DIA, HORARIO, PROFESSOR, ID_SALA) VALUES('TÓPICOS ESP. EM INF.', '2', '20h50-22h30', 'Jensen', 10)
INSERT INTO AULA(AULA, DIA, HORARIO, PROFESSOR, ID_SALA) VALUES('TÓPICOS ESP. EM INF.', '2', '20h50-22h30', 'Jensen', 34)

INSERT INTO AULA(AULA, DIA, HORARIO, PROFESSOR, ID_SALA) VALUES('LAB. ENG. SOFT.', '3', '19h00-20h40', 'Cristiane Palomar', 32)
INSERT INTO AULA(AULA, DIA, HORARIO, PROFESSOR, ID_SALA) VALUES('LAB. ENG. SOFT.', '3', '19h00-20h40', 'Cristiane Palomar', 35)
INSERT INTO AULA(AULA, DIA, HORARIO, PROFESSOR, ID_SALA) VALUES('LAB. ENG. SOFT.', '3', '20h50-22h30', 'Cristiane Palomar', 32)
INSERT INTO AULA(AULA, DIA, HORARIO, PROFESSOR, ID_SALA) VALUES('LAB. ENG. SOFT.', '3', '20h50-22h30', 'Cristiane Palomar', 35)

INSERT INTO AULA(AULA, DIA, HORARIO, PROFESSOR, ID_SALA) VALUES('EMPREENDEDORISMO', '4', '19h00-20h40', 'Mazé Cardozo', 10)
INSERT INTO AULA(AULA, DIA, HORARIO, PROFESSOR, ID_SALA) VALUES('INGLÊS V', '4', '20h50-22h30', 'Paulo Edson', 10)

INSERT INTO AULA(AULA, DIA, HORARIO, PROFESSOR, ID_SALA) VALUES('MET. P. CIENT.-TEC.', '5', '19h00-20h40', 'Graça Tomazela', 9)
INSERT INTO AULA(AULA, DIA, HORARIO, PROFESSOR, ID_SALA) VALUES('GESTÃO DE EQUIPES', '5', '20h50-22h30', 'Mazé Cardozo', 10)

//ADS M 6
INSERT INTO AULA(AULA, DIA, HORARIO, PROFESSOR, ID_SALA) VALUES('INTELIGÊNCIA ARTIF.', '3', '19h00-20h40', 'Graça Tomazela', 11)
INSERT INTO AULA(AULA, DIA, HORARIO, PROFESSOR, ID_SALA) VALUES('INTELIGÊNCIA ARTIF.', '3', '19h00-20h40', 'Graça Tomazela', 31)
INSERT INTO AULA(AULA, DIA, HORARIO, PROFESSOR, ID_SALA) VALUES('INTELIGÊNCIA ARTIF.', '3', '20h50-22h30', 'Graça Tomazela', 11)

INSERT INTO AULA(AULA, DIA, HORARIO, PROFESSOR, ID_SALA) VALUES('INGLÊS VI', '4', '19h00-20h40', 'Paulo Edson', 11)
INSERT INTO AULA(AULA, DIA, HORARIO, PROFESSOR, ID_SALA) VALUES('ÉTICA E RESP. PROF. ', '4', '20h50-22h30', 'Edméia', 11)

INSERT INTO AULA(AULA, DIA, HORARIO, PROFESSOR, ID_SALA) VALUES('GESTÃO E GOV. DE TECN. DA INFORM.', '5', '19h00-20h40', 'Angelina Melaré', 11)
INSERT INTO AULA(AULA, DIA, HORARIO, PROFESSOR, ID_SALA) VALUES('GESTÃO E GOV. DE TECN. DA INFORM.', '5', '19h00-20h40', 'Angelina Melaré', 32)
INSERT INTO AULA(AULA, DIA, HORARIO, PROFESSOR, ID_SALA) VALUES('GESTÃO E GOV. DE TECN. DA INFORM.', '5', '20h50-22h30', 'Angelina Melaré', 11)
INSERT INTO AULA(AULA, DIA, HORARIO, PROFESSOR, ID_SALA) VALUES('GESTÃO E GOV. DE TECN. DA INFORM.', '5', '20h50-22h30', 'Angelina Melaré', 32)

//ADS N 1
INSERT INTO AULA(AULA, DIA, HORARIO, PROFESSOR, ID_SALA) VALUES('MATEM. DISCRETA', '2', '19h00-20h40', 'Carlos Henrique', 9)
INSERT INTO AULA(AULA, DIA, HORARIO, PROFESSOR, ID_SALA) VALUES('ALG. LÓGICA DE PROG.', '2', '20h50-22h30', 'Dimas', 9)

INSERT INTO AULA(AULA, DIA, HORARIO, PROFESSOR, ID_SALA) VALUES('ARQ. E ORG. DE COMPUT.', '3', '19h00-20h40', 'Maria Angélica', 9)
INSERT INTO AULA(AULA, DIA, HORARIO, PROFESSOR, ID_SALA) VALUES('ARQ. E ORG. DE COMPUT.', '3', '20h50-22h30', 'Maria Angélica', 9)

INSERT INTO AULA(AULA, DIA, HORARIO, PROFESSOR, ID_SALA) VALUES('ALG. LÓGICA DE PROG.', '4', '19h00-20h40', 'Dimas', 9)
INSERT INTO AULA(AULA, DIA, HORARIO, PROFESSOR, ID_SALA) VALUES('PROG. EM MICROINF.', '4', '20h50-22h30', 'Jefferson Blaitt', 9)

INSERT INTO AULA(AULA, DIA, HORARIO, PROFESSOR, ID_SALA) VALUES('MATEM. DISCRETA', '5', '19h00-20h40', 'Carlos Henrique', 9)
INSERT INTO AULA(AULA, DIA, HORARIO, PROFESSOR, ID_SALA) VALUES('PROG. EM MICROINF.', '5', '20h50-22h30', 'Jefferson Blaitt', 9)

INSERT INTO AULA(AULA, DIA, HORARIO, PROFESSOR, ID_SALA) VALUES('SIST. DE INFORM.', '6', '19h00-20h40', 'Bernardo', 9)
INSERT INTO AULA(AULA, DIA, HORARIO, PROFESSOR, ID_SALA) VALUES('SIST. DE INFORM.', '6', '20h50-22h30', 'Bernardo', 9)

//ADS N 2
INSERT INTO AULA(AULA, DIA, HORARIO, PROFESSOR, ID_SALA) VALUES('ADMINISTRAÇÃO GERAL', '2', '19h00-20h40', 'INDEFINIDO', 8)
INSERT INTO AULA(AULA, DIA, HORARIO, PROFESSOR, ID_SALA) VALUES('COMUNIC. E EXP.', '2', '20h50-22h30', 'Rosana', 8)

INSERT INTO AULA(AULA, DIA, HORARIO, PROFESSOR, ID_SALA) VALUES('CÁLCULO', '3', '19h00-20h40', 'Carlos Henrique', 8)
INSERT INTO AULA(AULA, DIA, HORARIO, PROFESSOR, ID_SALA) VALUES('LING. DE PROG. II', '3', '20h50-22h30', 'Denilce', 8)

INSERT INTO AULA(AULA, DIA, HORARIO, PROFESSOR, ID_SALA) VALUES('COMUNIC. E EXP.', '4', '19h00-20h40', 'Rosana', 8)
INSERT INTO AULA(AULA, DIA, HORARIO, PROFESSOR, ID_SALA) VALUES('CÁLCULO', '4', '20h50-22h30', 'Carlos Henrique', 8)

INSERT INTO AULA(AULA, DIA, HORARIO, PROFESSOR, ID_SALA) VALUES('LING. DE PROG.', '5', '19h00-20h40', 'Cristiane Palomar', 33)
INSERT INTO AULA(AULA, DIA, HORARIO, PROFESSOR, ID_SALA) VALUES('ADMINISTRAÇÃO GERAL', '5', '20h50-22h30', 'INDEFINIDO', 8)

INSERT INTO AULA(AULA, DIA, HORARIO, PROFESSOR, ID_SALA) VALUES('LING. DE PROG.', '6', '19h00-20h40', 'Cristiane Palomar', 33)
INSERT INTO AULA(AULA, DIA, HORARIO, PROFESSOR, ID_SALA) VALUES('LING. DE PROG. II', '6', '20h50-22h30', 'Denilce', 32)

//ADS N 3
INSERT INTO AULA(AULA, DIA, HORARIO, PROFESSOR, ID_SALA) VALUES('INTERAÇÃO HUMANO COMP.', '2', '19h00-20h40', 'Sérgio Moraes', 12)
INSERT INTO AULA(AULA, DIA, HORARIO, PROFESSOR, ID_SALA) VALUES('INGLÊS I', '2', '20h50-22h30', 'Isabel Cristina', 35)

INSERT INTO AULA(AULA, DIA, HORARIO, PROFESSOR, ID_SALA) VALUES('SIST. OPERACIONAIS I', '3', '19h00-20h40', 'INDEFINIDO', 12)
INSERT INTO AULA(AULA, DIA, HORARIO, PROFESSOR, ID_SALA) VALUES('SIST. OPERACIONAIS I', '3', '19h00-20h40', 'INDEFINIDO', 36)
INSERT INTO AULA(AULA, DIA, HORARIO, PROFESSOR, ID_SALA) VALUES('SIST. OPERACIONAIS I', '3', '20h50-22h30', 'INDEFINIDO', 12)

INSERT INTO AULA(AULA, DIA, HORARIO, PROFESSOR, ID_SALA) VALUES('ESTRUT. DE DADOS', '4', '19h00-20h40', 'Sérgio Moraes', 12)
INSERT INTO AULA(AULA, DIA, HORARIO, PROFESSOR, ID_SALA) VALUES('ESTRUT. DE DADOS', '4', '20h50-22h30', 'Sérgio Moraes', 32)

INSERT INTO AULA(AULA, DIA, HORARIO, PROFESSOR, ID_SALA) VALUES('CONTABILIDADE', '5', '19h00-20h40', 'Edméia', 12)
INSERT INTO AULA(AULA, DIA, HORARIO, PROFESSOR, ID_SALA) VALUES('LAB. DE HARDWARE', '5', '20h50-22h30', 'Fernando Miranda', 12)

//ADS N 4
INSERT INTO AULA(AULA, DIA, HORARIO, PROFESSOR, ID_SALA) VALUES('BANCO DE DADOS', '2', '19h00-20h40', 'Cristiane Palomar', 33)
INSERT INTO AULA(AULA, DIA, HORARIO, PROFESSOR, ID_SALA) VALUES('ECON. E FINANÇAS', '2', '20h50-22h30', 'Francisco', 4)

INSERT INTO AULA(AULA, DIA, HORARIO, PROFESSOR, ID_SALA) VALUES('ENG. DE SOFT. I', '3', '19h00-20h40', 'Levi', 7)
INSERT INTO AULA(AULA, DIA, HORARIO, PROFESSOR, ID_SALA) VALUES('PROG. ORIENT. OBJ.', '3', '20h50-22h30', 'Dimas', 7)
INSERT INTO AULA(AULA, DIA, HORARIO, PROFESSOR, ID_SALA) VALUES('PROG. ORIENT. OBJ.', '3', '20h50-22h30', 'Dimas', 36)

INSERT INTO AULA(AULA, DIA, HORARIO, PROFESSOR, ID_SALA) VALUES('SIST. OPERACIONAIS II', '4', '19h00-20h40', 'INDEFINIDO', 7)
INSERT INTO AULA(AULA, DIA, HORARIO, PROFESSOR, ID_SALA) VALUES('SIST. OPERACIONAIS II', '4', '20h50-22h30', 'INDEFINIDO', 7)
INSERT INTO AULA(AULA, DIA, HORARIO, PROFESSOR, ID_SALA) VALUES('SIST. OPERACIONAIS II', '4', '20h50-22h30', 'INDEFINIDO', 34)

INSERT INTO AULA(AULA, DIA, HORARIO, PROFESSOR, ID_SALA) VALUES('PROG. ORIENT. OBJ.', '5', '19h00-20h40', 'Dimas', 36)
INSERT INTO AULA(AULA, DIA, HORARIO, PROFESSOR, ID_SALA) VALUES('BANCO DE DADOS', '5', '20h50-22h30', 'Cristiane Palomar', 33)

INSERT INTO AULA(AULA, DIA, HORARIO, PROFESSOR, ID_SALA) VALUES('ENG. DE SOFT. I', '6', '19h00-20h40', 'Levi', 7)
INSERT INTO AULA(AULA, DIA, HORARIO, PROFESSOR, ID_SALA) VALUES('INGLÊS II', '6', '20h50-22h30', 'Paulo Edson', 7)

//ADS N 5
INSERT INTO AULA(AULA, DIA, HORARIO, PROFESSOR, ID_SALA) VALUES('LAB. BCO DE DADOS', '2', '19h00-20h40', 'Maria Angélica', 7)
INSERT INTO AULA(AULA, DIA, HORARIO, PROFESSOR, ID_SALA) VALUES('LAB. BCO DE DADOS', '2', '20h50-22h30', 'Maria Angélica', 36)

INSERT INTO AULA(AULA, DIA, HORARIO, PROFESSOR, ID_SALA) VALUES('ESTATÍSTICA APLIC. ', '3', '19h00-20h40', 'João Teixeira', 33)
INSERT INTO AULA(AULA, DIA, HORARIO, PROFESSOR, ID_SALA) VALUES('ESTATÍSTICA APLIC. ', '3', '20h50-22h30', 'João Teixeira', 33)

INSERT INTO AULA(AULA, DIA, HORARIO, PROFESSOR, ID_SALA) VALUES('PROG. WEB', '4', '19h00-20h40', 'Denilce', 9)
INSERT INTO AULA(AULA, DIA, HORARIO, PROFESSOR, ID_SALA) VALUES('PROG. WEB', '4', '19h00-20h40', 'Denilce', 35)
INSERT INTO AULA(AULA, DIA, HORARIO, PROFESSOR, ID_SALA) VALUES('PROG. WEB', '4', '20h50-22h30', 'Denilce', 35)

INSERT INTO AULA(AULA, DIA, HORARIO, PROFESSOR, ID_SALA) VALUES('ENG. DE SOFT. II', '5', '19h00-20h40', 'Denilce', 7)
INSERT INTO AULA(AULA, DIA, HORARIO, PROFESSOR, ID_SALA) VALUES('ENG. DE SOFT. II', '5', '20h50-22h30', 'Denilce', 7)

INSERT INTO AULA(AULA, DIA, HORARIO, PROFESSOR, ID_SALA) VALUES('INGLÊS II', '6', '19h00-20h40', 'Paulo Edson', 8)
INSERT INTO AULA(AULA, DIA, HORARIO, PROFESSOR, ID_SALA) VALUES('SOCIEDADE E TECN.', '6', '20h50-22h30', 'Mazé Cardozo', 8)

//ADS N 6
INSERT INTO AULA(AULA, DIA, HORARIO, PROFESSOR, ID_SALA) VALUES('GESTÃO DE PROJ.', '2', '19h00-20h40', 'Jefferson Blaitt', 4)
INSERT INTO AULA(AULA, DIA, HORARIO, PROFESSOR, ID_SALA) VALUES('GESTÃO DE PROJ.', '2', '20h50-22h30', 'Jefferson Blaitt', 33)

INSERT INTO AULA(AULA, DIA, HORARIO, PROFESSOR, ID_SALA) VALUES('INGLÊS IV', '3', '19h00-20h40', 'Isabel Cristina', 19)
INSERT INTO AULA(AULA, DIA, HORARIO, PROFESSOR, ID_SALA) VALUES('INGLÊS IV', '3', '19h00-20h40', 'Isabel Cristina', 34)
INSERT INTO AULA(AULA, DIA, HORARIO, PROFESSOR, ID_SALA) VALUES('ENG. DE SOFT. III', '3', '20h50-22h30', 'Bernardo', 4)
INSERT INTO AULA(AULA, DIA, HORARIO, PROFESSOR, ID_SALA) VALUES('ENG. DE SOFT. III', '3', '20h50-22h30', 'Bernardo', 31)

INSERT INTO AULA(AULA, DIA, HORARIO, PROFESSOR, ID_SALA) VALUES('REDES DE COMP.ES', '4', '19h00-20h40', 'Loamí', 31)
INSERT INTO AULA(AULA, DIA, HORARIO, PROFESSOR, ID_SALA) VALUES('REDES DE COMP.ES', '4', '20h50-22h30', 'Loamí', 9)
INSERT INTO AULA(AULA, DIA, HORARIO, PROFESSOR, ID_SALA) VALUES('REDES DE COMP.ES', '4', '20h50-22h30', 'Loamí', 31)

INSERT INTO AULA(AULA, DIA, HORARIO, PROFESSOR, ID_SALA) VALUES('SEG. DA INFORM. ', '5', '19h00-20h40', 'INDEFINIDO', 6)
INSERT INTO AULA(AULA, DIA, HORARIO, PROFESSOR, ID_SALA) VALUES('ENG. DE SOFT. II', '5', '20h50-22h30', 'Bernardo', 31)

INSERT INTO AULA(AULA, DIA, HORARIO, PROFESSOR, ID_SALA) VALUES('PROG. LINEAR APLIC.', '6', '19h00-20h40', 'Ana Carolina', 10)
INSERT INTO AULA(AULA, DIA, HORARIO, PROFESSOR, ID_SALA) VALUES('PROG. LINEAR APLIC.', '6', '20h50-22h30', 'Ana Carolina', 10)
